[{"model": "contenttypes.contenttype", "pk": 1, "fields": {"app_label": "admin", "model": "logentry"}}, {"model": "contenttypes.contenttype", "pk": 2, "fields": {"app_label": "auth", "model": "permission"}}, {"model": "contenttypes.contenttype", "pk": 3, "fields": {"app_label": "auth", "model": "group"}}, {"model": "contenttypes.contenttype", "pk": 4, "fields": {"app_label": "auth", "model": "user"}}, {"model": "contenttypes.contenttype", "pk": 5, "fields": {"app_label": "contenttypes", "model": "contenttype"}}, {"model": "contenttypes.contenttype", "pk": 6, "fields": {"app_label": "sessions", "model": "session"}}, {"model": "contenttypes.contenttype", "pk": 7, "fields": {"app_label": "authtoken", "model": "token"}}, {"model": "contenttypes.contenttype", "pk": 8, "fields": {"app_label": "capstoneapi", "model": "attachmentstyle"}}, {"model": "contenttypes.contenttype", "pk": 9, "fields": {"app_label": "capstoneapi", "model": "dater"}}, {"model": "contenttypes.contenttype", "pk": 10, "fields": {"app_label": "capstoneapi", "model": "matchstatus"}}, {"model": "contenttypes.contenttype", "pk": 11, "fields": {"app_label": "capstoneapi", "model": "match"}}, {"model": "contenttypes.contenttype", "pk": 12, "fields": {"app_label": "capstoneapi", "model": "message"}}, {"model": "capstoneapi.attachmentstyle", "pk": 1, "fields": {"name": "secure", "description": "placeholder"}}, {"model": "capstoneapi.attachmentstyle", "pk": 2, "fields": {"name": "anxious", "description": "placeholder"}}, {"model": "capstoneapi.attachmentstyle", "pk": 3, "fields": {"name": "avoidant", "description": "placeholder"}}, {"model": "capstoneapi.matchstatus", "pk": 1, "fields": {"status_type": "pending"}}, {"model": "capstoneapi.matchstatus", "pk": 2, "fields": {"status_type": "accepted"}}, {"model": "capstoneapi.matchstatus", "pk": 3, "fields": {"status_type": "rejected"}}, {"model": "capstoneapi.match", "pk": 6, "fields": {"dater": 1, "matched_with": 23, "match_status": 2, "date_matched": "2020-03-18T14:31:49.502Z"}}, {"model": "capstoneapi.match", "pk": 7, "fields": {"dater": 1, "matched_with": 25, "match_status": 1, "date_matched": "2020-03-18T14:32:36.753Z"}}, {"model": "capstoneapi.match", "pk": 19, "fields": {"dater": 26, "matched_with": 1, "match_status": 3, "date_matched": "2020-03-18T20:14:48.994Z"}}, {"model": "capstoneapi.match", "pk": 20, "fields": {"dater": 1, "matched_with": 6, "match_status": 3, "date_matched": "2020-03-18T20:15:49.256Z"}}, {"model": "capstoneapi.match", "pk": 21, "fields": {"dater": 25, "matched_with": 19, "match_status": 3, "date_matched": "2020-03-18T20:16:19.322Z"}}, {"model": "capstoneapi.match", "pk": 22, "fields": {"dater": 25, "matched_with": 18, "match_status": 3, "date_matched": "2020-03-18T20:16:23.145Z"}}, {"model": "capstoneapi.match", "pk": 23, "fields": {"dater": 25, "matched_with": 17, "match_status": 1, "date_matched": "2020-03-18T20:16:29.700Z"}}, {"model": "capstoneapi.match", "pk": 24, "fields": {"dater": 25, "matched_with": 16, "match_status": 1, "date_matched": "2020-03-18T20:16:33.337Z"}}, {"model": "capstoneapi.match", "pk": 25, "fields": {"dater": 20, "matched_with": 16, "match_status": 1, "date_matched": "2020-03-19T00:56:19.989Z"}}, {"model": "capstoneapi.match", "pk": 26, "fields": {"dater": 18, "matched_with": 2, "match_status": 2, "date_matched": "2020-03-19T00:56:32.879Z"}}, {"model": "capstoneapi.match", "pk": 27, "fields": {"dater": 15, "matched_with": 7, "match_status": 1, "date_matched": "2020-03-19T00:57:38.044Z"}}, {"model": "capstoneapi.match", "pk": 28, "fields": {"dater": 11, "matched_with": 14, "match_status": 1, "date_matched": "2020-03-19T00:57:50.171Z"}}, {"model": "capstoneapi.match", "pk": 29, "fields": {"dater": 22, "matched_with": 26, "match_status": 2, "date_matched": "2020-03-19T00:58:09.265Z"}}, {"model": "capstoneapi.match", "pk": 30, "fields": {"dater": 3, "matched_with": 25, "match_status": 3, "date_matched": "2020-03-19T00:58:25.278Z"}}, {"model": "capstoneapi.match", "pk": 31, "fields": {"dater": 26, "matched_with": 2, "match_status": 3, "date_matched": "2020-03-19T05:28:38.483Z"}}, {"model": "capstoneapi.match", "pk": 32, "fields": {"dater": 26, "matched_with": 3, "match_status": 2, "date_matched": "2020-03-19T22:17:46.517Z"}}, {"model": "capstoneapi.match", "pk": 33, "fields": {"dater": 26, "matched_with": 6, "match_status": 3, "date_matched": "2020-03-19T22:18:02.665Z"}}, {"model": "auth.permission", "pk": 1, "fields": {"name": "Can add log entry", "content_type": 1, "codename": "add_logentry"}}, {"model": "auth.permission", "pk": 2, "fields": {"name": "Can change log entry", "content_type": 1, "codename": "change_logentry"}}, {"model": "auth.permission", "pk": 3, "fields": {"name": "Can delete log entry", "content_type": 1, "codename": "delete_logentry"}}, {"model": "auth.permission", "pk": 4, "fields": {"name": "Can view log entry", "content_type": 1, "codename": "view_logentry"}}, {"model": "auth.permission", "pk": 5, "fields": {"name": "Can add permission", "content_type": 2, "codename": "add_permission"}}, {"model": "auth.permission", "pk": 6, "fields": {"name": "Can change permission", "content_type": 2, "codename": "change_permission"}}, {"model": "auth.permission", "pk": 7, "fields": {"name": "Can delete permission", "content_type": 2, "codename": "delete_permission"}}, {"model": "auth.permission", "pk": 8, "fields": {"name": "Can view permission", "content_type": 2, "codename": "view_permission"}}, {"model": "auth.permission", "pk": 9, "fields": {"name": "Can add group", "content_type": 3, "codename": "add_group"}}, {"model": "auth.permission", "pk": 10, "fields": {"name": "Can change group", "content_type": 3, "codename": "change_group"}}, {"model": "auth.permission", "pk": 11, "fields": {"name": "Can delete group", "content_type": 3, "codename": "delete_group"}}, {"model": "auth.permission", "pk": 12, "fields": {"name": "Can view group", "content_type": 3, "codename": "view_group"}}, {"model": "auth.permission", "pk": 13, "fields": {"name": "Can add user", "content_type": 4, "codename": "add_user"}}, {"model": "auth.permission", "pk": 14, "fields": {"name": "Can change user", "content_type": 4, "codename": "change_user"}}, {"model": "auth.permission", "pk": 15, "fields": {"name": "Can delete user", "content_type": 4, "codename": "delete_user"}}, {"model": "auth.permission", "pk": 16, "fields": {"name": "Can view user", "content_type": 4, "codename": "view_user"}}, {"model": "auth.permission", "pk": 17, "fields": {"name": "Can add content type", "content_type": 5, "codename": "add_contenttype"}}, {"model": "auth.permission", "pk": 18, "fields": {"name": "Can change content type", "content_type": 5, "codename": "change_contenttype"}}, {"model": "auth.permission", "pk": 19, "fields": {"name": "Can delete content type", "content_type": 5, "codename": "delete_contenttype"}}, {"model": "auth.permission", "pk": 20, "fields": {"name": "Can view content type", "content_type": 5, "codename": "view_contenttype"}}, {"model": "auth.permission", "pk": 21, "fields": {"name": "Can add session", "content_type": 6, "codename": "add_session"}}, {"model": "auth.permission", "pk": 22, "fields": {"name": "Can change session", "content_type": 6, "codename": "change_session"}}, {"model": "auth.permission", "pk": 23, "fields": {"name": "Can delete session", "content_type": 6, "codename": "delete_session"}}, {"model": "auth.permission", "pk": 24, "fields": {"name": "Can view session", "content_type": 6, "codename": "view_session"}}, {"model": "auth.permission", "pk": 25, "fields": {"name": "Can add Token", "content_type": 7, "codename": "add_token"}}, {"model": "auth.permission", "pk": 26, "fields": {"name": "Can change Token", "content_type": 7, "codename": "change_token"}}, {"model": "auth.permission", "pk": 27, "fields": {"name": "Can delete Token", "content_type": 7, "codename": "delete_token"}}, {"model": "auth.permission", "pk": 28, "fields": {"name": "Can view Token", "content_type": 7, "codename": "view_token"}}, {"model": "auth.permission", "pk": 29, "fields": {"name": "Can add attachment style", "content_type": 8, "codename": "add_attachmentstyle"}}, {"model": "auth.permission", "pk": 30, "fields": {"name": "Can change attachment style", "content_type": 8, "codename": "change_attachmentstyle"}}, {"model": "auth.permission", "pk": 31, "fields": {"name": "Can delete attachment style", "content_type": 8, "codename": "delete_attachmentstyle"}}, {"model": "auth.permission", "pk": 32, "fields": {"name": "Can view attachment style", "content_type": 8, "codename": "view_attachmentstyle"}}, {"model": "auth.permission", "pk": 33, "fields": {"name": "Can add dater", "content_type": 9, "codename": "add_dater"}}, {"model": "auth.permission", "pk": 34, "fields": {"name": "Can change dater", "content_type": 9, "codename": "change_dater"}}, {"model": "auth.permission", "pk": 35, "fields": {"name": "Can delete dater", "content_type": 9, "codename": "delete_dater"}}, {"model": "auth.permission", "pk": 36, "fields": {"name": "Can view dater", "content_type": 9, "codename": "view_dater"}}, {"model": "auth.permission", "pk": 37, "fields": {"name": "Can add match status", "content_type": 10, "codename": "add_matchstatus"}}, {"model": "auth.permission", "pk": 38, "fields": {"name": "Can change match status", "content_type": 10, "codename": "change_matchstatus"}}, {"model": "auth.permission", "pk": 39, "fields": {"name": "Can delete match status", "content_type": 10, "codename": "delete_matchstatus"}}, {"model": "auth.permission", "pk": 40, "fields": {"name": "Can view match status", "content_type": 10, "codename": "view_matchstatus"}}, {"model": "auth.permission", "pk": 41, "fields": {"name": "Can add match", "content_type": 11, "codename": "add_match"}}, {"model": "auth.permission", "pk": 42, "fields": {"name": "Can change match", "content_type": 11, "codename": "change_match"}}, {"model": "auth.permission", "pk": 43, "fields": {"name": "Can delete match", "content_type": 11, "codename": "delete_match"}}, {"model": "auth.permission", "pk": 44, "fields": {"name": "Can view match", "content_type": 11, "codename": "view_match"}}, {"model": "auth.permission", "pk": 45, "fields": {"name": "Can add message", "content_type": 12, "codename": "add_message"}}, {"model": "auth.permission", "pk": 46, "fields": {"name": "Can change message", "content_type": 12, "codename": "change_message"}}, {"model": "auth.permission", "pk": 47, "fields": {"name": "Can delete message", "content_type": 12, "codename": "delete_message"}}, {"model": "auth.permission", "pk": 48, "fields": {"name": "Can view message", "content_type": 12, "codename": "view_message"}}, {"model": "auth.user", "pk": 3, "fields": {"password": "pbkdf2_sha256$180000$D6XOJt7JkpXc$3BkfPIJm1MlaGVBk8V9rjWznF+kUT7IWdGEYmFx8pTA=", "last_login": null, "is_superuser": true, "username": "wonderwoman", "first_name": "", "last_name": "", "email": "ww@nss.com", "is_staff": true, "is_active": true, "date_joined": "2020-03-17T15:29:53.344Z", "groups": [], "user_permissions": []}}, {"model": "auth.user", "pk": 14, "fields": {"password": "pbkdf2_sha256$180000$zWtjRKMCu9de$kxZj/cZza6WWa6XTewkYdwsD6DcrNiAledqDxkqmxiY=", "last_login": null, "is_superuser": false, "username": "Buddy", "first_name": "Tina", "last_name": "Belcher", "email": "yaboi@aol.com", "is_staff": false, "is_active": true, "date_joined": "2020-03-17T18:07:53.670Z", "groups": [], "user_permissions": []}}, {"model": "auth.user", "pk": 15, "fields": {"password": "pbkdf2_sha256$180000$KUucKaqVwQI8$EdGS78F0qop4Gka4UiPDm+M7NPouGekqJ1NHmKTLN1o=", "last_login": null, "is_superuser": false, "username": "dinek", "first_name": "Sandra", "last_name": "Spence", "email": "polazofu@mailinator.net", "is_staff": false, "is_active": true, "date_joined": "2020-03-17T18:19:21.082Z", "groups": [], "user_permissions": []}}, {"model": "auth.user", "pk": 16, "fields": {"password": "pbkdf2_sha256$180000$ft97U01WwpPY$+lG29ms5DlV4mIW9K+ugwzQ4EcNedh8RQ6g7sY6EfU4=", "last_login": null, "is_superuser": false, "username": "Misty", "first_name": "Mitt", "last_name": "Catsup", "email": "baller@aol.com", "is_staff": false, "is_active": true, "date_joined": "2020-03-17T18:44:38.776Z", "groups": [], "user_permissions": []}}, {"model": "auth.user", "pk": 19, "fields": {"password": "pbkdf2_sha256$180000$Gl5ch8gGRfSn$XNavjTB/jVeNBUOgLQhsbDYfwjofypXfYF9H1Rg6bQM=", "last_login": null, "is_superuser": false, "username": "bazywadiw", "first_name": "Macaulay", "last_name": "Villarreal", "email": "macupyq@mailinator.com", "is_staff": false, "is_active": true, "date_joined": "2020-03-17T22:00:18.976Z", "groups": [], "user_permissions": []}}, {"model": "auth.user", "pk": 20, "fields": {"password": "pbkdf2_sha256$180000$A6PofNy6W0ed$ZbHLGUoj/SdVyMKOrVSh7rEFCV2mOl91RXv0DSMSqsY=", "last_login": null, "is_superuser": false, "username": "turatyd", "first_name": "Alvin", "last_name": "Collier", "email": "vagewabedu@mailinator.net", "is_staff": false, "is_active": true, "date_joined": "2020-03-17T22:01:31.997Z", "groups": [], "user_permissions": []}}, {"model": "auth.user", "pk": 21, "fields": {"password": "pbkdf2_sha256$180000$iKKQ8ZiMJHVi$K+RwPARHxnZ84zuknfSkcXtqiSIAeaG0ZguzIeKPziA=", "last_login": null, "is_superuser": false, "username": "suwaxed", "first_name": "Abel", "last_name": "Bond", "email": "vasevebac@mailinator.com", "is_staff": false, "is_active": true, "date_joined": "2020-03-17T22:02:20.530Z", "groups": [], "user_permissions": []}}, {"model": "auth.user", "pk": 22, "fields": {"password": "pbkdf2_sha256$180000$CfXWBTuDALcO$G21Zi9CXn3s1554scLOogq0LnUDGYrtysLcXawOsY00=", "last_login": null, "is_superuser": false, "username": "gusemupepi", "first_name": "Charlotte", "last_name": "Nelson", "email": "mikohegi@mailinator.com", "is_staff": false, "is_active": true, "date_joined": "2020-03-17T22:03:18.898Z", "groups": [], "user_permissions": []}}, {"model": "auth.user", "pk": 23, "fields": {"password": "pbkdf2_sha256$180000$9uYeOZpUVe7m$eXSK4qHvjTL7qv3RlNzghd4g6e9CWe+spvg9jfMgg84=", "last_login": null, "is_superuser": false, "username": "vaqod", "first_name": "Eliana", "last_name": "Carver", "email": "jufibodod@mailinator.com", "is_staff": false, "is_active": true, "date_joined": "2020-03-17T22:04:24.104Z", "groups": [], "user_permissions": []}}, {"model": "auth.user", "pk": 24, "fields": {"password": "pbkdf2_sha256$180000$pK3McikzMmLh$ix8lQwbv6O4aLP5HGf3Ef0M1DaN5KsbwO8h9TDPss7s=", "last_login": null, "is_superuser": false, "username": "runucafi", "first_name": "Benjamin", "last_name": "Dennis", "email": "qorabuby@mailinator.com", "is_staff": false, "is_active": true, "date_joined": "2020-03-17T22:04:52.612Z", "groups": [], "user_permissions": []}}, {"model": "auth.user", "pk": 25, "fields": {"password": "pbkdf2_sha256$180000$YazyoeRKX6w6$dTBlmvbB+PsSbTQS0FMu3WcVtD3yD2kPnspw+daBhsI=", "last_login": null, "is_superuser": false, "username": "ximica", "first_name": "Kylee", "last_name": "Sears", "email": "cihivepe@mailinator.com", "is_staff": false, "is_active": true, "date_joined": "2020-03-17T22:15:17.306Z", "groups": [], "user_permissions": []}}, {"model": "auth.user", "pk": 26, "fields": {"password": "pbkdf2_sha256$180000$PoYJKURpLtAK$xJY8XTf7bHPV/Cv9Rb0/CbMnYpY3ON50mbhhHRno4Fc=", "last_login": null, "is_superuser": false, "username": "gofyxaqi", "first_name": "Isaiah", "last_name": "Garrett", "email": "lejazu@mailinator.net", "is_staff": false, "is_active": true, "date_joined": "2020-03-17T22:16:10.964Z", "groups": [], "user_permissions": []}}, {"model": "auth.user", "pk": 27, "fields": {"password": "pbkdf2_sha256$180000$EUGgdbrFkQxn$vZ+DYVFFRPWqRgCMOi/iENGt34nWiwo4gA8gz1tnct4=", "last_login": null, "is_superuser": false, "username": "juwojih", "first_name": "Deirdre", "last_name": "Hogan", "email": "towigesugy@mailinator.com", "is_staff": false, "is_active": true, "date_joined": "2020-03-17T22:16:37.956Z", "groups": [], "user_permissions": []}}, {"model": "auth.user", "pk": 28, "fields": {"password": "pbkdf2_sha256$180000$dh3zcRBZGoEL$U33x/eKXgG5SHHg964ZAlUXwdYsjpZNESMibE2szJfg=", "last_login": null, "is_superuser": false, "username": "jegexyfyv", "first_name": "Philip", "last_name": "Zamora", "email": "peqifufe@mailinator.com", "is_staff": false, "is_active": true, "date_joined": "2020-03-17T22:17:07.783Z", "groups": [], "user_permissions": []}}, {"model": "auth.user", "pk": 29, "fields": {"password": "pbkdf2_sha256$180000$671qRu55orme$TmrLsCf9eMOAIaAuCWejbn85GzdlksBA5T6F1975SKM=", "last_login": null, "is_superuser": false, "username": "myvit", "first_name": "Casey", "last_name": "Albert", "email": "tajep@mailinator.com", "is_staff": false, "is_active": true, "date_joined": "2020-03-17T22:17:52.429Z", "groups": [], "user_permissions": []}}, {"model": "auth.user", "pk": 30, "fields": {"password": "pbkdf2_sha256$180000$gCID1333vvq6$yHy4zk05GdjPATJFGuWjqtNQ+VYFSMZMYHkjF/1mC6Q=", "last_login": null, "is_superuser": false, "username": "Nigel", "first_name": "Holmes", "last_name": "Kramer", "email": "gohosykero@mailinator.net", "is_staff": false, "is_active": true, "date_joined": "2020-03-17T22:18:30.398Z", "groups": [], "user_permissions": []}}, {"model": "auth.user", "pk": 31, "fields": {"password": "pbkdf2_sha256$180000$1xW9oQVhf4ew$K+42oWjafPXT2wRskcRcFEjZswRdoDXT2OV6YIZ35Ys=", "last_login": null, "is_superuser": false, "username": "Gerri", "first_name": "Carter", "last_name": "Trujillo", "email": "madopup@mailinator.com", "is_staff": false, "is_active": true, "date_joined": "2020-03-17T22:19:14.862Z", "groups": [], "user_permissions": []}}, {"model": "auth.user", "pk": 32, "fields": {"password": "pbkdf2_sha256$180000$g47c9CzviyNc$UTskBeNKPJF/8JAlYGVa+JGozSF9BJ1jU2WBnqdV5vs=", "last_login": null, "is_superuser": false, "username": "cawujima", "first_name": "Quail", "last_name": "Maynard", "email": "gahegi@mailinator.net", "is_staff": false, "is_active": true, "date_joined": "2020-03-17T23:23:00.631Z", "groups": [], "user_permissions": []}}, {"model": "auth.user", "pk": 33, "fields": {"password": "pbkdf2_sha256$180000$HSZOV9KTL2V7$HGACUe11WBOUGnxpb1uW2xzAc2NxW4MRUXwB7ZF6Tnc=", "last_login": null, "is_superuser": false, "username": "sydasugu", "first_name": "Blaze", "last_name": "Ellis", "email": "viwaze@mailinator.net", "is_staff": false, "is_active": true, "date_joined": "2020-03-17T23:23:36.434Z", "groups": [], "user_permissions": []}}, {"model": "auth.user", "pk": 34, "fields": {"password": "pbkdf2_sha256$180000$H8UvBFIcJuGt$RBBEn/rQrwqJ6Gx0ZxWxOcgsWbzl85mdQYJTbvLtpBs=", "last_login": null, "is_superuser": false, "username": "PizzaGuy", "first_name": "Robert", "last_name": "Cantu", "email": "luhahykuza@mailinator.com", "is_staff": false, "is_active": true, "date_joined": "2020-03-17T23:23:56.948Z", "groups": [], "user_permissions": []}}, {"model": "auth.user", "pk": 35, "fields": {"password": "pbkdf2_sha256$180000$xQKo1rnljfcc$EdRiiYkzOqQUbQ47muZPXmZ+J0kD/xTcPwssMJA10lc=", "last_login": null, "is_superuser": false, "username": "xesymypu", "first_name": "Sonya", "last_name": "Sutton", "email": "pinyqihed@mailinator.com", "is_staff": false, "is_active": true, "date_joined": "2020-03-17T23:24:10.720Z", "groups": [], "user_permissions": []}}, {"model": "auth.user", "pk": 36, "fields": {"password": "pbkdf2_sha256$180000$SIYY1A61e35s$scQG/D+ZA1sCyUfyLuhl/iruJ8swmMFsz6NcXIgqNqU=", "last_login": null, "is_superuser": false, "username": "detaqor", "first_name": "Jaquelyn", "last_name": "Monroe", "email": "tepun@mailinator.com", "is_staff": false, "is_active": true, "date_joined": "2020-03-17T23:24:45.592Z", "groups": [], "user_permissions": []}}, {"model": "auth.user", "pk": 37, "fields": {"password": "pbkdf2_sha256$180000$BVOy3xhGDbVK$A2heCutk8XmO9LKB5QUxfuwAZmXWslm/QEFV5SGntD4=", "last_login": null, "is_superuser": false, "username": "byzimi", "first_name": "Karen", "last_name": "Larsen", "email": "dipuk@mailinator.net", "is_staff": false, "is_active": true, "date_joined": "2020-03-17T23:25:15.679Z", "groups": [], "user_permissions": []}}, {"model": "auth.user", "pk": 38, "fields": {"password": "pbkdf2_sha256$180000$DvRkYcRu4OWY$DszGyd6vNVYHWrxspEEWg+rxrks4h4FM9bQT4Qs1FSo=", "last_login": null, "is_superuser": false, "username": "murypopiqo", "first_name": "Troy", "last_name": "Spence", "email": "zobixa@mailinator.com", "is_staff": false, "is_active": true, "date_joined": "2020-03-17T23:25:42.751Z", "groups": [], "user_permissions": []}}, {"model": "auth.user", "pk": 39, "fields": {"password": "pbkdf2_sha256$180000$4tblkvgfCBKx$ccuBpafIYTkkZtrkKlDoV/J9QbU7UqpzWZoGPqhYS68=", "last_login": null, "is_superuser": false, "username": "xovunecaw", "first_name": "Hyacinth", "last_name": "Delaney", "email": "denalu@mailinator.net", "is_staff": false, "is_active": true, "date_joined": "2020-03-18T21:58:27.713Z", "groups": [], "user_permissions": []}}, {"model": "auth.user", "pk": 40, "fields": {"password": "pbkdf2_sha256$180000$eixymPp704DG$MDQXk1VPkn/cPauuLiBcN+BaLX4L4KBSkPfTd09cTyw=", "last_login": null, "is_superuser": false, "username": "Dolly", "first_name": "Kirestin", "last_name": "Warren", "email": "pecyvut@mailinator.com", "is_staff": false, "is_active": true, "date_joined": "2020-03-20T04:28:17.761Z", "groups": [], "user_permissions": []}}, {"model": "auth.user", "pk": 41, "fields": {"password": "pbkdf2_sha256$180000$dXojXzLpH8bQ$vICRPEM4K0wQBszFt/KFpMsXwBUsEhMDUfgWx+exwmo=", "last_login": null, "is_superuser": false, "username": "Latoya", "first_name": "Nola", "last_name": "Owens", "email": "varalepek@mailinator.com", "is_staff": false, "is_active": true, "date_joined": "2020-03-20T04:34:41.996Z", "groups": [], "user_permissions": []}}, {"model": "authtoken.token", "pk": "0956475eb21fe63f784270b6fb048d3faf6aee0e", "fields": {"user": 16, "created": "2020-03-17T18:44:39.049Z"}}, {"model": "authtoken.token", "pk": "0b4bcb9937a8c1e8c491d24673b6411672dde05d", "fields": {"user": 14, "created": "2020-03-17T18:07:53.998Z"}}, {"model": "authtoken.token", "pk": "0b54fe6a225e12ef606ca5e36518e5aa2e65d198", "fields": {"user": 31, "created": "2020-03-17T22:19:15.094Z"}}, {"model": "authtoken.token", "pk": "1d800bfe822a7bbf3fddc090601c0065f71fe874", "fields": {"user": 23, "created": "2020-03-17T22:04:24.366Z"}}, {"model": "authtoken.token", "pk": "30fb07a3ee27cb0d12d994832de5b1d185137aca", "fields": {"user": 32, "created": "2020-03-17T23:23:00.880Z"}}, {"model": "authtoken.token", "pk": "340b52a88fe8bb2fc28eb76c2ac2b97dfa459059", "fields": {"user": 24, "created": "2020-03-17T22:04:52.853Z"}}, {"model": "authtoken.token", "pk": "434fdb005f091e410c785ef036e36f5437bd7ff5", "fields": {"user": 25, "created": "2020-03-17T22:15:17.528Z"}}, {"model": "authtoken.token", "pk": "475a004a66926ef06f42f71f1347b8be857c7bf3", "fields": {"user": 20, "created": "2020-03-17T22:01:32.265Z"}}, {"model": "authtoken.token", "pk": "549c940e8b6e3e5f1be6c0c7326ef5e8fe3a05b1", "fields": {"user": 22, "created": "2020-03-17T22:03:19.103Z"}}, {"model": "authtoken.token", "pk": "6fe68f43451c7f599f77fbf81c620a81532ea6a3", "fields": {"user": 30, "created": "2020-03-17T22:18:30.615Z"}}, {"model": "authtoken.token", "pk": "6ff4b2d9dbfad14a232ffa51ce40b9e87479bb37", "fields": {"user": 27, "created": "2020-03-17T22:16:38.214Z"}}, {"model": "authtoken.token", "pk": "7f7f3e421185bc5d640695b6768446fb790b8b56", "fields": {"user": 38, "created": "2020-03-17T23:25:43.005Z"}}, {"model": "authtoken.token", "pk": "870335d9be9c23b2d40d4896920de289bfb767f5", "fields": {"user": 21, "created": "2020-03-17T22:02:20.757Z"}}, {"model": "authtoken.token", "pk": "8cc50eb82b1a2fc59f9ef6d8806a379e26321324", "fields": {"user": 37, "created": "2020-03-17T23:25:15.885Z"}}, {"model": "authtoken.token", "pk": "8f1baabd5e67b0d2d7f04c8c582ee4f5ff1c9120", "fields": {"user": 29, "created": "2020-03-17T22:17:52.669Z"}}, {"model": "authtoken.token", "pk": "8f9ac85e1a70d7cb6be283ad04aae164aebf0d26", "fields": {"user": 34, "created": "2020-03-17T23:23:57.206Z"}}, {"model": "authtoken.token", "pk": "936d516b3ab6ddae6142fa0b04a5f5fd432f1c76", "fields": {"user": 15, "created": "2020-03-17T18:19:21.367Z"}}, {"model": "authtoken.token", "pk": "9b664381cd845afafc9569e817c058b1be2528c5", "fields": {"user": 26, "created": "2020-03-17T22:16:11.224Z"}}, {"model": "authtoken.token", "pk": "ae55212d8f74cfdf83800aae17cac93d1b83eda2", "fields": {"user": 33, "created": "2020-03-17T23:23:36.650Z"}}, {"model": "authtoken.token", "pk": "d15b0600d1b4e2825f4d4b5182b49173f8b4f1a4", "fields": {"user": 40, "created": "2020-03-20T04:28:18.035Z"}}, {"model": "authtoken.token", "pk": "d5a3245bfc84b61c6a71f41a610393df465cd038", "fields": {"user": 41, "created": "2020-03-20T04:34:42.247Z"}}, {"model": "authtoken.token", "pk": "ddbbfb20787af926a6a1e98fd88c8ec11042354f", "fields": {"user": 36, "created": "2020-03-17T23:24:45.794Z"}}, {"model": "authtoken.token", "pk": "f7797c1b336f1f6a45c88c8bf83b647c36ea152f", "fields": {"user": 19, "created": "2020-03-17T22:00:19.201Z"}}, {"model": "authtoken.token", "pk": "fa6ad7b30d8c66b15f9278a8a9922692e5887c61", "fields": {"user": 39, "created": "2020-03-18T21:58:27.943Z"}}, {"model": "authtoken.token", "pk": "fa8be64dd325994dbe9ab4e86cb2fbc2d9b37831", "fields": {"user": 28, "created": "2020-03-17T22:17:07.987Z"}}, {"model": "authtoken.token", "pk": "fc39865445d8aa75576671b4b62bcaf669c4462b", "fields": {"user": 35, "created": "2020-03-17T23:24:10.923Z"}}, {"model": "capstoneapi.dater", "pk": 1, "fields": {"user": 14, "attachment_style": 1, "location": "Ohio", "bio": "Basic", "gender": "female", "gender_preference": "male", "kids": false, "smoker": false, "looking_for": "something casual", "interests": "hiking, art, fencing, yoga, outdoors", "profile_pic": "c:/img", "age": 13, "age_range": "13-17", "tagline": "Yolo", "been_reported": 0}}, {"model": "capstoneapi.dater", "pk": 2, "fields": {"user": 15, "attachment_style": 2, "location": "Nashville", "bio": "SIngle and ready to mingle", "gender": "female", "gender_preference": "male", "kids": true, "smoker": true, "looking_for": "unsure", "interests": "Similique beatae vel", "profile_pic": "Occaecat totam esse ", "age": 23, "age_range": "23 -34", "tagline": "Necessitatibus asper", "been_reported": 0}}, {"model": "capstoneapi.dater", "pk": 3, "fields": {"user": 16, "attachment_style": 1, "location": "Ohio", "bio": "Ready to groove", "gender": "male", "gender_preference": "male", "kids": false, "smoker": false, "looking_for": "something casual", "interests": "hiking, backpacking, spreadsheets", "profile_pic": "c:/img", "age": 40, "age_range": "35-55", "tagline": "Yolo", "been_reported": 0}}, {"model": "capstoneapi.dater", "pk": 6, "fields": {"user": 19, "attachment_style": 1, "location": "Atlanta", "bio": "Incididunt sed commo", "gender": "other", "gender_preference": "male", "kids": true, "smoker": true, "looking_for": "unsure", "interests": "Enim excepturi dolor", "profile_pic": "Molestiae voluptatem", "age": 46, "age_range": "20-25", "tagline": "Quas eveniet et hic", "been_reported": 0}}, {"model": "capstoneapi.dater", "pk": 7, "fields": {"user": 20, "attachment_style": 1, "location": "Seattle", "bio": "Dolorem obcaecati et", "gender": "male", "gender_preference": "male", "kids": true, "smoker": true, "looking_for": "something casual", "interests": "Aliqua Eligendi aut", "profile_pic": "Quis magna laboriosa", "age": 35, "age_range": "20-60", "tagline": "Repudiandae consequu", "been_reported": 0}}, {"model": "capstoneapi.dater", "pk": 8, "fields": {"user": 21, "attachment_style": 3, "location": "Chicago", "bio": "Cupidatat et provide", "gender": "male", "gender_preference": "female", "kids": false, "smoker": false, "looking_for": "relationship", "interests": "Sint et delectus ve", "profile_pic": "Ad distinctio Est i", "age": 25, "age_range": "20-40", "tagline": "Hic non reiciendis o", "been_reported": 0}}, {"model": "capstoneapi.dater", "pk": 9, "fields": {"user": 22, "attachment_style": 1, "location": "Boulder", "bio": "Quidem molestiae et ", "gender": "male", "gender_preference": "all", "kids": false, "smoker": true, "looking_for": "relationship", "interests": "Quasi dolor laborum", "profile_pic": "Eos minus illo ut t", "age": 50, "age_range": "25-60", "tagline": "Blanditiis iste est", "been_reported": 0}}, {"model": "capstoneapi.dater", "pk": 10, "fields": {"user": 23, "attachment_style": 1, "location": "Austin", "bio": "Architecto dolorum s", "gender": "other", "gender_preference": "all", "kids": true, "smoker": true, "looking_for": "something casual", "interests": "Assumenda amet quo ", "profile_pic": "Vel commodi est ali", "age": 40, "age_range": "20-40", "tagline": "Sed incididunt labor", "been_reported": 0}}, {"model": "capstoneapi.dater", "pk": 11, "fields": {"user": 24, "attachment_style": 3, "location": "Chicago", "bio": "Deserunt eum quis au", "gender": "male", "gender_preference": "all", "kids": true, "smoker": true, "looking_for": "something casual", "interests": "Ea id qui non molest", "profile_pic": "Cum sit proident es", "age": 18, "age_range": "18-35", "tagline": "Dolorem maiores faci", "been_reported": 0}}, {"model": "capstoneapi.dater", "pk": 12, "fields": {"user": 25, "attachment_style": 1, "location": "San Diego", "bio": "Eos molestiae totam ", "gender": "other", "gender_preference": "male", "kids": true, "smoker": true, "looking_for": "something casual", "interests": "Corporis dolorem atq", "profile_pic": "Accusamus dolorem ac", "age": 81, "age_range": "72 - 100", "tagline": "Deserunt voluptas ve", "been_reported": 0}}, {"model": "capstoneapi.dater", "pk": 13, "fields": {"user": 26, "attachment_style": 1, "location": "San Diego", "bio": "Voluptate blanditiis", "gender": "female", "gender_preference": "female", "kids": true, "smoker": true, "looking_for": "unsure", "interests": "Sed veniam consequa", "profile_pic": "Quia voluptatem quod", "age": 20, "age_range": "18 - 40", "tagline": "Velit ut et facilis", "been_reported": 0}}, {"model": "capstoneapi.dater", "pk": 14, "fields": {"user": 27, "attachment_style": 3, "location": "Austin", "bio": "Duis ex inventore ip", "gender": "female", "gender_preference": "male", "kids": true, "smoker": true, "looking_for": "unsure", "interests": "Minim quia numquam d", "profile_pic": "Ullamco irure aliqui", "age": 73, "age_range": "55 - 90", "tagline": "Est a mollit aut ne", "been_reported": 0}}, {"model": "capstoneapi.dater", "pk": 15, "fields": {"user": 28, "attachment_style": 1, "location": "Boston", "bio": "Velit natus dolore c", "gender": "female", "gender_preference": "male", "kids": false, "smoker": true, "looking_for": "relationship", "interests": "Deleniti nihil aut u", "profile_pic": "Consectetur dolores", "age": 45, "age_range": "19 - 58", "tagline": "Occaecat reprehender", "been_reported": 0}}, {"model": "capstoneapi.dater", "pk": 16, "fields": {"user": 29, "attachment_style": 1, "location": "Boston", "bio": "Qui id nemo dolores", "gender": "male", "gender_preference": "female", "kids": true, "smoker": true, "looking_for": "unsure", "interests": "Minima laudantium c", "profile_pic": "Nihil ratione dolore", "age": 14, "age_range": "13 - 18", "tagline": "Dicta ipsum voluptat", "been_reported": 0}}, {"model": "capstoneapi.dater", "pk": 17, "fields": {"user": 30, "attachment_style": 2, "location": "New York", "bio": "Ea quia at iure ut q", "gender": "male", "gender_preference": "female", "kids": false, "smoker": false, "looking_for": "something casual", "interests": "Rerum nobis qui omni", "profile_pic": "Repellendus Aut eos", "age": 34, "age_range": "25 - 55", "tagline": "Est corrupti possim", "been_reported": 0}}, {"model": "capstoneapi.dater", "pk": 18, "fields": {"user": 31, "attachment_style": 1, "location": "New York", "bio": "Qui sint dolorem re", "gender": "male", "gender_preference": "female", "kids": true, "smoker": true, "looking_for": "relationship", "interests": "Voluptatem alias con", "profile_pic": "Debitis nisi volupta", "age": 43, "age_range": "39 - 66", "tagline": "In consectetur quas", "been_reported": 0}}, {"model": "capstoneapi.dater", "pk": 19, "fields": {"user": 32, "attachment_style": 1, "location": "Michigan", "bio": "Ipsam ut id in labor", "gender": "female", "gender_preference": "male", "kids": false, "smoker": true, "looking_for": "something casual", "interests": "Tempora quia laborum", "profile_pic": "Enim officia volupta", "age": 54, "age_range": "57 - 82", "tagline": "In reiciendis invent", "been_reported": 0}}, {"model": "capstoneapi.dater", "pk": 20, "fields": {"user": 33, "attachment_style": 1, "location": "Wisconsin", "bio": "Ut elit voluptatem", "gender": "male", "gender_preference": "female", "kids": true, "smoker": false, "looking_for": "relationship", "interests": "Proident lorem veli", "profile_pic": "Molestiae eius ipsum", "age": 36, "age_range": "30 - 37", "tagline": "Eum anim in aut dele", "been_reported": 0}}, {"model": "capstoneapi.dater", "pk": 21, "fields": {"user": 34, "attachment_style": 1, "location": "Orlando", "bio": "Anim et dolores quib", "gender": "other", "gender_preference": "all", "kids": true, "smoker": true, "looking_for": "something casual", "interests": "Aut voluptatem Nequ", "profile_pic": "Quidem officia dolor", "age": 30, "age_range": "25 - 53", "tagline": "Ad dolores cupiditat", "been_reported": 0}}, {"model": "capstoneapi.dater", "pk": 22, "fields": {"user": 35, "attachment_style": 1, "location": "Wisconsin", "bio": "Rustbelt raised", "gender": "other", "gender_preference": "all", "kids": true, "smoker": true, "looking_for": "something casual", "interests": "Totam sequi proident", "profile_pic": "Recusandae Nostrum ", "age": 56, "age_range": "47 - 84", "tagline": "Harum cum reprehende", "been_reported": 0}}, {"model": "capstoneapi.dater", "pk": 23, "fields": {"user": 36, "attachment_style": 1, "location": "D.C.", "bio": "Quia itaque dolor do", "gender": "male", "gender_preference": "female", "kids": true, "smoker": false, "looking_for": "something casual", "interests": "Commodi eiusmod prae", "profile_pic": "Est necessitatibus ", "age": 40, "age_range": "19 - 55", "tagline": "Eum quasi voluptas t", "been_reported": 0}}, {"model": "capstoneapi.dater", "pk": 24, "fields": {"user": 37, "attachment_style": 1, "location": "D.C.", "bio": "Consequuntur delenit", "gender": "female", "gender_preference": "male", "kids": true, "smoker": false, "looking_for": "unsure", "interests": "Duis doloribus id f", "profile_pic": "Est impedit quaerat", "age": 29, "age_range": "25 - 45", "tagline": "Et quasi laboriosam", "been_reported": 0}}, {"model": "capstoneapi.dater", "pk": 25, "fields": {"user": 38, "attachment_style": 1, "location": "Iowa", "bio": "Distinctio Fugiat a", "gender": "female", "gender_preference": "female", "kids": true, "smoker": true, "looking_for": "relationship", "interests": "Reprehenderit nihil ", "profile_pic": "Consequat Ullam et ", "age": 27, "age_range": "20 - 45", "tagline": "In est dolorem nisi", "been_reported": 0}}, {"model": "capstoneapi.dater", "pk": 26, "fields": {"user": 39, "attachment_style": 2, "location": "Idaho", "bio": "Iste exercitation et", "gender": "female", "gender_preference": "all", "kids": true, "smoker": true, "looking_for": "something casual", "interests": "Qui corrupti rem ma", "profile_pic": "In praesentium facer", "age": 59, "age_range": "50 - 80", "tagline": "Dignissimos rerum si", "been_reported": 0}}, {"model": "capstoneapi.dater", "pk": 27, "fields": {"user": 40, "attachment_style": 1, "location": "Amsterdam", "bio": "Biofeedback is my life", "gender": "female", "gender_preference": "male", "kids": true, "smoker": false, "looking_for": "something casual", "interests": "Crystals", "profile_pic": "Non labore ut eos al", "age": 63, "age_range": "45 - 80", "tagline": "Itaque autem nostrud", "been_reported": 0}}, {"model": "capstoneapi.dater", "pk": 28, "fields": {"user": 41, "attachment_style": 1, "location": "Germany", "bio": "Soluta laborum sed d", "gender": "male", "gender_preference": "male", "kids": true, "smoker": true, "looking_for": "unsure", "interests": "Nobis quos sint labo", "profile_pic": "Esse rerum ut velit", "age": 80, "age_range": "70 - 90", "tagline": "Qui quod veritatis d", "been_reported": 0}}]